{
  "method": "full microscopic ED benchmarked against zero-dipole band",
  "local_ice_projected": false,
  "global_ice_projected": true,
  "projection_scope": "global",
  "projection_definition": "a ring flip acts only when the selected tetrahedron set satisfies the two-in/two-out ice rule",
  "selection_objective": "centered 90-state spectral RMS / target standard deviation",
  "cluster": {
    "n_sites": 16,
    "ice_states": 90,
    "wrapping_four_loops": 36,
    "wrapping_hexagons": 48
  },
  "best_shared_two_term": null,
  "best_shared_ratio6_with_calibrated_ratio4": {
    "ratio6": -8.0,
    "ratio4_by_coupling": [
      3.375,
      3.0
    ],
    "mean_spectral_error": 1.0380261468515486,
    "mean_mixing": 0.02646817532495163,
    "by_coupling": [
      {
        "ratio4": 3.375,
        "ratio6": -8.0,
        "kappa4": 0.0030375,
        "kappa6w": -0.00021599999999999996,
        "spectral_error": 1.0363284539358688,
        "mixing": [
          0.002498420762199795,
          0.016207492784290307,
          0.0652633018599305
        ],
        "mixing_mean": 0.02798973846880687,
        "low_heat_peak": 0.0003658844474443977,
        "defect_gap": 0.8395109541378591,
        "m2_relative_change": 5.381022841737083e-08,
        "elapsed_s": 7.179141521453857
      },
      {
        "ratio4": 3.0,
        "ratio6": -8.0,
        "kappa4": 0.0075000000000000015,
        "kappa6w": -0.0010000000000000002,
        "spectral_error": 1.0397238397672282,
        "mixing": [
          0.0018356364764134827,
          0.013628925675621257,
          0.05937527439125443
        ],
        "mixing_mean": 0.02494661218109639,
        "low_heat_peak": 0.0016643244527506425,
        "defect_gap": 0.7355011610145931,
        "m2_relative_change": 3.2599954050701095e-07,
        "elapsed_s": 10.826923131942749
      }
    ]
  },
  "results": [
    {
      "jpm": -0.03,
      "target_path": "/home/pc_linux/exact_diagonalization_clean/twist_qsi_demo/notes/twist_resolved_qed_dipole2_M2_jm0p03.npz",
      "target_peak": 0.0002995856865146307,
      "target_flux_fraction": 0.012580049053151987,
      "target_mixing": [
        1.7031751138662696e-05,
        0.00010772181188725637,
        0.00044178941818881934
      ],
      "target_mixing_mean": 0.00018884766040491282,
      "one_term": {
        "ratio4": 3.375,
        "ratio6": 0.0,
        "kappa4": 0.0030375,
        "kappa6w": 0.0,
        "spectral_error": 1.677789340778497,
        "mixing": [
          0.005801761348775695,
          0.0388442764154238,
          0.1597562783952314
        ],
        "mixing_mean": 0.06813410538647696,
        "low_heat_peak": 0.0005433394989895095,
        "defect_gap": 0.8383800659002482,
        "m2_relative_change": 5.367451724747799e-08,
        "elapsed_s": 11.235953569412231
      },
      "best_two_term": {
        "ratio4": 3.375,
        "ratio6": -8.0,
        "kappa4": 0.0030375,
        "kappa6w": -0.00021599999999999996,
        "spectral_error": 1.0363284539358688,
        "mixing": [
          0.002498420762199795,
          0.016207492784290307,
          0.0652633018599305
        ],
        "mixing_mean": 0.02798973846880687,
        "low_heat_peak": 0.0003658844474443977,
        "defect_gap": 0.8395109541378591,
        "m2_relative_change": 5.381022841737083e-08,
        "elapsed_s": 7.179141521453857
      },
      "records": [
        {
          "ratio4": 3.375,
          "ratio6": -10.0,
          "kappa4": 0.0030375,
          "kappa6w": -0.00026999999999999995,
          "spectral_error": 1.0775733947068473,
          "mixing": [
            0.002441401916451647,
            0.015235973652807815,
            0.05822887174521127
          ],
          "mixing_mean": 0.025302082438156914,
          "low_heat_peak": 0.0003445745529362402,
          "defect_gap": 0.8392983906545001,
          "m2_relative_change": 5.388656543603515e-08,
          "elapsed_s": 6.508652210235596
        },
        {
          "ratio4": 3.375,
          "ratio6": -9.0,
          "kappa4": 0.0030375,
          "kappa6w": -0.00024299999999999997,
          "spectral_error": 1.046726479733982,
          "mixing": [
            0.00242964770994467,
            0.015455926989497602,
            0.06060274804775998
          ],
          "mixing_mean": 0.02616277424906742,
          "low_heat_peak": 0.0003468178045682531,
          "defect_gap": 0.8394046884348567,
          "m2_relative_change": 5.384627642130197e-08,
          "elapsed_s": 7.491458892822266
        },
        {
          "ratio4": 3.375,
          "ratio6": -8.0,
          "kappa4": 0.0030375,
          "kappa6w": -0.00021599999999999996,
          "spectral_error": 1.0363284539358688,
          "mixing": [
            0.002498420762199795,
            0.016207492784290307,
            0.0652633018599305
          ],
          "mixing_mean": 0.02798973846880687,
          "low_heat_peak": 0.0003658844474443977,
          "defect_gap": 0.8395109541378591,
          "m2_relative_change": 5.381022841737083e-08,
          "elapsed_s": 7.179141521453857
        },
        {
          "ratio4": 3.375,
          "ratio6": -7.0,
          "kappa4": 0.0030375,
          "kappa6w": -0.00018899999999999996,
          "spectral_error": 1.0515367425300273,
          "mixing": [
            0.0026464780923814695,
            0.01746856370904393,
            0.07197789370543607
          ],
          "mixing_mean": 0.030697645168953822,
          "low_heat_peak": 0.0003885113189451084,
          "defect_gap": 0.8396171816527354,
          "m2_relative_change": 5.377842142424172e-08,
          "elapsed_s": 7.034841299057007
        },
        {
          "ratio4": 3.375,
          "ratio6": -6.0,
          "kappa4": 0.0030375,
          "kappa6w": -0.00016199999999999998,
          "spectral_error": 1.0897320096088425,
          "mixing": [
            0.0028725920511164147,
            0.019217659457116044,
            0.08052663056530968
          ],
          "mixing_mean": 0.03420562735784738,
          "low_heat_peak": 0.00041134174259413995,
          "defect_gap": 0.8395569998635198,
          "m2_relative_change": 5.375085544191465e-08,
          "elapsed_s": 7.1375954151153564
        },
        {
          "ratio4": 3.375,
          "ratio6": 0.0,
          "kappa4": 0.0030375,
          "kappa6w": 0.0,
          "spectral_error": 1.677789340778497,
          "mixing": [
            0.005801761348775695,
            0.0388442764154238,
            0.1597562783952314
          ],
          "mixing_mean": 0.06813410538647696,
          "low_heat_peak": 0.0005433394989895095,
          "defect_gap": 0.8383800659002482,
          "m2_relative_change": 5.367451724747799e-08,
          "elapsed_s": 11.235953569412231
        }
      ]
    },
    {
      "jpm": -0.05,
      "target_path": "/home/pc_linux/exact_diagonalization_clean/twist_qsi_demo/notes/twist_resolved_qed_dipole2_M2_jm0p05.npz",
      "target_peak": 0.0012227162639773654,
      "target_flux_fraction": 0.04353925617954383,
      "target_mixing": [
        4.7373680037124955e-05,
        0.0002989192865797508,
        0.0012177519673342641
      ],
      "target_mixing_mean": 0.0005213483113170466,
      "one_term": {
        "ratio4": 3.0,
        "ratio6": 0.0,
        "kappa4": 0.0075000000000000015,
        "kappa6w": 0.0,
        "spectral_error": 1.6012007730386448,
        "mixing": [
          0.004023415635821703,
          0.031053671562181584,
          0.13990778701800058
        ],
        "mixing_mean": 0.058328291405334624,
        "low_heat_peak": 0.0024414117230937907,
        "defect_gap": 0.7336481678535219,
        "m2_relative_change": 3.231272980486128e-07,
        "elapsed_s": 8.295578241348267
      },
      "best_two_term": {
        "ratio4": 3.0,
        "ratio6": -7.0,
        "kappa4": 0.0075000000000000015,
        "kappa6w": -0.0008750000000000002,
        "spectral_error": 1.0292032794650843,