{
  "method": "full microscopic ED with locally ice-projected winding counterterms benchmarked against zero-dipole band",
  "local_ice_projected": true,
  "projection_definition": "a ring flip acts only when every tetrahedron touching that ring satisfies the two-in/two-out ice rule",
  "selection_objective": "centered 90-state spectral RMS / target standard deviation",
  "cluster": {
    "n_sites": 16,
    "ice_states": 90,
    "wrapping_four_loops": 36,
    "wrapping_hexagons": 48
  },
  "best_shared_two_term": null,
  "best_shared_ratio6_with_calibrated_ratio4": {
    "ratio6": -7.5,
    "ratio4_by_coupling": [
      3.375,
      3.0
    ],
    "mean_spectral_error": 0.9466360450837144,
    "mean_mixing": 0.02171573455531757,
    "by_coupling": [
      {
        "ratio4": 3.375,
        "ratio6": -7.5,
        "kappa4": 0.0030375,
        "kappa6w": -0.00020249999999999996,
        "spectral_error": 0.9840262115619406,
        "mixing": [
          0.002339538094739108,
          0.014655988279968463,
          0.05750445564273959
        ],
        "mixing_mean": 0.024833327339149055,
        "low_heat_peak": 0.000339418030311521,
        "defect_gap": 0.8380731199944422,
        "m2_relative_change": 8.59110352945573e-07,
        "elapsed_s": 9.59358525276184
      },
      {
        "ratio4": 3.0,
        "ratio6": -7.5,
        "kappa4": 0.0075000000000000015,
        "kappa6w": -0.0009375000000000002,
        "spectral_error": 0.909245878605488,
        "mixing": [
          0.0015764448429983545,
          0.010578626103829541,
          0.04363935436763035
        ],
        "mixing_mean": 0.018598141771486082,
        "low_heat_peak": 0.0013377356968764984,
        "defect_gap": 0.7321580157606175,
        "m2_relative_change": 5.176768584173414e-06,
        "elapsed_s": 9.618150472640991
      }
    ]
  },
  "results": [
    {
      "jpm": -0.03,
      "target_path": "/home/pc_linux/exact_diagonalization_clean/twist_qsi_demo/notes/twist_resolved_qed_dipole2_M2_jm0p03.npz",
      "target_peak": 0.0002995856865146307,
      "target_flux_fraction": 0.012580049053151987,
      "target_mixing": [
        1.7031751138662696e-05,
        0.00010772181188725637,
        0.00044178941818881934
      ],
      "target_mixing_mean": 0.00018884766040491282,
      "one_term": {
        "ratio4": 3.375,
        "ratio6": 0.0,
        "kappa4": 0.0030375,
        "kappa6w": 0.0,
        "spectral_error": 1.6266737412906256,
        "mixing": [
          0.005416258269755144,
          0.034997792263387985,
          0.13974413185655904
        ],
        "mixing_mean": 0.060052727463234055,
        "low_heat_peak": 0.0004882957615376075,
        "defect_gap": 0.8366496716016498,
        "m2_relative_change": 8.587922818385096e-07,
        "elapsed_s": 9.417622804641724
      },
      "best_two_term": {
        "ratio4": 3.375,
        "ratio6": -8.0,
        "kappa4": 0.0030375,
        "kappa6w": -0.00021599999999999996,
        "spectral_error": 0.9808623763397117,
        "mixing": [
          0.0022848410981503057,
          0.014190100264330322,
          0.055053889365803084
        ],
        "mixing_mean": 0.02384294357609457,
        "low_heat_peak": 0.0003327998131638834,
        "defect_gap": 0.838019891606731,
        "m2_relative_change": 8.591541763319365e-07,
        "elapsed_s": 10.077691555023193
      },
      "records": [
        {
          "ratio4": 3.375,
          "ratio6": -10.0,
          "kappa4": 0.0030375,
          "kappa6w": -0.00026999999999999995,
          "spectral_error": 1.027086918819029,
          "mixing": [
            0.0022639857716686006,
            0.013605178081754224,
            0.0506185934962732
          ],
          "mixing_mean": 0.02216258578323201,
          "low_heat_peak": 0.0003407547174145538,
          "defect_gap": 0.8378069499574197,
          "m2_relative_change": 8.593577413231172e-07,
          "elapsed_s": 9.501675128936768
        },
        {
          "ratio4": 3.375,
          "ratio6": -9.5,
          "kappa4": 0.0030375,
          "kappa6w": -0.00025649999999999995,
          "spectral_error": 1.0128337615813883,
          "mixing": [
            0.002239202870366989,
            0.013554234510504658,
            0.050867147548138404
          ],
          "mixing_mean": 0.022220194976336687,
          "low_heat_peak": 0.0003334394959040994,
          "defect_gap": 0.8378601891140545,
          "m2_relative_change": 8.593026093584632e-07,
          "elapsed_s": 11.694887638092041
        },
        {
          "ratio4": 3.375,
          "ratio6": -9.0,
          "kappa4": 0.0030375,
          "kappa6w": -0.00024299999999999997,
          "spectral_error": 0.9957209470680787,
          "mixing": [
            0.0022345205425020726,
            0.013636552573813875,
            0.051707969584990576
          ],
          "mixing_mean": 0.022526347567102173,
          "low_heat_peak": 0.0003286579750917433,
          "defect_gap": 0.837913425918173,
          "m2_relative_change": 8.592503039504955e-07,
          "elapsed_s": 9.677233457565308
        },
        {
          "ratio4": 3.375,
          "ratio6": -8.5,
          "kappa4": 0.0030375,
          "kappa6w": -0.00022949999999999997,
          "spectral_error": 0.984828352094737,
          "mixing": [
            0.0022497844260428125,
            0.013849404665572627,
            0.05311276579339743
          ],
          "mixing_mean": 0.023070651628337626,
          "low_heat_peak": 0.0003286989842821121,
          "defect_gap": 0.8379666601604217,
          "m2_relative_change": 8.592008262749866e-07,
          "elapsed_s": 10.009400844573975
        },
        {
          "ratio4": 3.375,
          "ratio6": -8.0,
          "kappa4": 0.0030375,
          "kappa6w": -0.00021599999999999996,
          "spectral_error": 0.9808623763397117,
          "mixing": [
            0.0022848410981503057,
            0.014190100264330322,
            0.055053889365803084
          ],
          "mixing_mean": 0.02384294357609457,
          "low_heat_peak": 0.0003327998131638834,
          "defect_gap": 0.838019891606731,
          "m2_relative_change": 8.591541763319365e-07,
          "elapsed_s": 10.077691555023193
        },
        {
          "ratio4": 3.375,
          "ratio6": -7.5,
          "kappa4": 0.0030375,
          "kappa6w": -0.00020249999999999996,
          "spectral_error": 0.9840262115619406,
          "mixing": [
            0.002339538094739108,
            0.014655988279968463,
            0.05750445564273959
          ],
          "mixing_mean": 0.024833327339149055,
          "low_heat_peak": 0.000339418030311521,
          "defect_gap": 0.8380731199944422,
          "m2_relative_change": 8.59110352945573e-07,
          "elapsed_s": 9.59358525276184
        },
        {
          "ratio4": 3.375,
          "ratio6": -7.0,
          "kappa4": 0.0030375,
          "kappa6w": -0.00018899999999999996,
          "spectral_error": 0.9922908342480213,
          "mixing": [
            0.0024137239284192677,
            0.015244458963541428,
            0.06043842141480757
          ],
          "mixing_mean": 0.02603220143558942,
          "low_heat_peak": 0.0003474385818367402,
          "defect_gap": 0.8380640038475388,
          "m2_relative_change": 8.590693572916681e-07,
          "elapsed_s": 10.007834672927856
        },
        {
          "ratio4": 3.375,
          "ratio6": -6.5,
          "kappa4": 0.0030375,
          "kappa6w": -0.00017549999999999998,
          "spectral_error": 1.0072623175930129,
          "mixing": [
            0.0025072481048790405,
            0.015952945408279438,
            0.06383063322781372
          ],
          "mixing_mean": 0.027430275580324067,
          "low_heat_peak": 0.0003562346010355458,
          "defect_gap": 0.8379645253845274,
          "m2_relative_change": 8.590311881944498e-07,