{
  "method": "full microscopic ED with symmetry-complete winding counterterms",
  "cluster": {
    "n_sites": 16,
    "sz0_dim": 12870,
    "ice_dim": 90,
    "wrapping_four_loops": 36,
    "contractible_hexagons": 16,
    "wrapping_hexagons": 48,
    "flux_sectors": 25
  },
  "jpm": -0.05,
  "betas": [
    20.0,
    50.0,
    100.0
  ],
  "n_low": 180,
  "bare_m2_infinite_T": 3.0599999999999987,
  "blind_perturbative_kappa4": 0.010000000000000002,
  "ghex": 0.0015000000000000005,
  "best": {
    "kappa4": 0.0075,
    "mu4": -0.002,
    "elapsed_s": 12.675987482070923,
    "E0": -0.09733867766511638,
    "E89": -0.07170577058014357,
    "defect_gap": 0.7682590632252346,
    "ground_multiplicity": 4,
    "ice_overlap_ground": 0.9324030786538215,
    "mixing": [
      0.004312912909954363,
      0.024873189148051283,
      0.08440277847373512
    ],
    "mixing_mean": 0.03786296017724692,
    "T_peak_low_band": 0.0013206989606754436,
    "W4_ground": -1.9406307186825698,
    "W6_contract_ground": -0.9433616944699758,
    "W6_wrap_ground": -2.830085083409714,
    "F4_ground": 12.837442943405321,
    "F6_contract_ground": 1.9419590444760781,
    "m2_infinite_T": 3.078286875,
    "m2_relative_change": 0.005976102941176848,
    "selection_score": 0.05049081676504584
  },
  "records": [
    {
      "kappa4": 0.0075,
      "mu4": -0.004,
      "elapsed_s": 7.923480749130249,
      "E0": -0.11744078364468372,
      "E89": -0.08642964943577194,
      "defect_gap": 0.7721510918132565,
      "ground_multiplicity": 1,
      "ice_overlap_ground": 0.9354248985365012,
      "mixing": [
        0.0040587506150616594,
        0.018931299148068497,
        0.03861275104417773
      ],
      "mixing_mean": 0.020534266935769294,
      "T_peak_low_band": 2.697758673638772e-05,
      "W4_ground": 0.5777516608285612,
      "W6_contract_ground": -0.021189104145132035,
      "W6_wrap_ground": -0.06356731243539021,
      "F4_ground": 15.668360830863001,
      "F6_contract_ground": 0.08638263297942002,
      "m2_infinite_T": 3.096388125000008,
      "m2_relative_change": 0.011891544117650036,
      "selection_score": 0.0705342669357693
    },
    {
      "kappa4": 0.0075,
      "mu4": -0.002,
      "elapsed_s": 12.675987482070923,
      "E0": -0.09733867766511638,
      "E89": -0.07170577058014357,
      "defect_gap": 0.7682590632252346,
      "ground_multiplicity": 4,
      "ice_overlap_ground": 0.9324030786538215,
      "mixing": [
        0.004312912909954363,
        0.024873189148051283,
        0.08440277847373512
      ],
      "mixing_mean": 0.03786296017724692,
      "T_peak_low_band": 0.0013206989606754436,
      "W4_ground": -1.9406307186825698,
      "W6_contract_ground": -0.9433616944699758,
      "W6_wrap_ground": -2.830085083409714,
      "F4_ground": 12.837442943405321,
      "F6_contract_ground": 1.9419590444760781,
      "m2_infinite_T": 3.078286875,
      "m2_relative_change": 0.005976102941176848,
      "selection_score": 0.05049081676504584
    },
    {
      "kappa4": 0.0075,
      "mu4": 0.0,
      "elapsed_s": 10.84890341758728,
      "E0": -0.08200053783341697,
      "E89": -0.05693855138178845,
      "defect_gap": 0.7642984346419347,
      "ground_multiplicity": 4,
      "ice_overlap_ground": 0.9166097505386535,
      "mixing": [
        0.004539634519882276,
        0.029535446491491722,
        0.1211775864973434
      ],
      "mixing_mean": 0.05175088916957247,
      "T_peak_low_band": 0.0021558952782417215,
      "W4_ground": 0.6634907395677926,
      "W6_contract_ground": -1.2428521134656116,
      "W6_wrap_ground": -3.7285563403966515,
      "F4_ground": 11.917400554622775,
      "F6_contract_ground": 2.5171302259362873,
      "m2_infinite_T": 3.060253124999999,
      "m2_relative_change": 8.27205882354279e-05,
      "selection_score": 0.05175330864229183
    },
    {
      "kappa4": 0.0075,
      "mu4": 0.002,
      "elapsed_s": 9.6529860496521,
      "E0": -0.06726198950633178,
      "E89": -0.04200956882192229,
      "defect_gap": 0.7601507945994493,
      "ground_multiplicity": 4,
      "ice_overlap_ground": 0.9131611075606274,
      "mixing": [
        0.004738896027617262,
        0.032614933367000075,
        0.1351388962021857
      ],
      "mixing_mean": 0.05749757519893434,
      "T_peak_low_band": 0.0022044796580077816,
      "W4_ground": 1.244063410713063,
      "W6_contract_ground": -1.265752494668885,
      "W6_wrap_ground": -3.797257484006657,
      "F4_ground": 11.841237426150748,
      "F6_contract_ground": 2.560356705661816,
      "m2_infinite_T": 3.0422868749999914,
      "m2_relative_change": -0.005788602941178866,
      "selection_score": 0.0693454654701034
    },
    {
      "kappa4": 0.0075,
      "mu4": 0.004,
      "elapsed_s": 10.64688229560852,
      "E0": -0.052603030118456,
      "E89": -0.025779189560964616,
      "defect_gap": 0.7546765320101748,
      "ground_multiplicity": 4,
      "ice_overlap_ground": 0.9114170008741938,
      "mixing": [
        0.004913128946850375,
        0.03453181925533579,
        0.13996637356748293
      ],
      "mixing_mean": 0.05980377392322303,
      "T_peak_low_band": 0.0021731303569802814,
      "W4_ground": 1.4736520495959098,
      "W6_contract_ground": -1.2708386484186633,
      "W6_wrap_ground": -3.812515945256015,
      "F4_ground": 11.820982946350387,
      "F6_contract_ground": 2.569926782836168,
      "m2_infinite_T": 3.024388124999998,
      "m2_relative_change": -0.01163786764705907,
      "selection_score": 0.10769327683112054
    }
  ]
}