{
  "method": "full microscopic ED with symmetry-complete winding counterterms",
  "cluster": {
    "n_sites": 16,
    "sz0_dim": 12870,
    "ice_dim": 90,
    "wrapping_four_loops": 36,
    "contractible_hexagons": 16,
    "wrapping_hexagons": 48,
    "flux_sectors": 25
  },
  "jpm": -0.05,
  "betas": [
    20.0,
    50.0,
    100.0
  ],
  "n_low": 180,
  "bare_m2_infinite_T": 3.0599999999999987,
  "blind_perturbative_kappa4": 0.010000000000000002,
  "ghex": 0.0015000000000000005,
  "best": {
    "kappa4": 0.008,
    "mu4": 0.0,
    "elapsed_s": 9.016616344451904,
    "E0": -0.08203358571454808,
    "E89": -0.05294983761539472,
    "defect_gap": 0.7625938893907125,
    "ground_multiplicity": 4,
    "ice_overlap_ground": 0.9240037434049299,
    "mixing": [
      0.006750620223129786,
      0.03621413795994572,
      0.13231933369220186
    ],
    "mixing_mean": 0.05842803062509246,
    "T_peak_low_band": 0.0020711225803890596,
    "W4_ground": -0.7279691922394705,
    "W6_contract_ground": -1.1298899956321682,
    "W6_wrap_ground": -3.3896699868965205,
    "F4_ground": 12.26560226355064,
    "F6_contract_ground": 2.301736050531359,
    "m2_infinite_T": 3.060288,
    "m2_relative_change": 9.411764705920795e-05,
    "selection_score": 0.05853875726869198
  },
  "records": [
    {
      "kappa4": -0.004,
      "mu4": 0.0,
      "elapsed_s": 8.667316198348999,
      "E0": -0.20767819850396785,
      "E89": -0.012274219266730642,
      "defect_gap": 0.6656575336126623,
      "ground_multiplicity": 1,
      "ice_overlap_ground": 0.8903054943777194,
      "mixing": [
        0.5709816449521619,
        0.902347333354307,
        0.9160387723631132
      ],
      "mixing_mean": 0.7964559168898605,
      "T_peak_low_band": 0.020996508168107716,
      "W4_ground": 12.556986825829044,
      "W6_contract_ground": 1.7675275188587036,
      "W6_wrap_ground": 5.302582556576112,
      "F4_ground": 12.932953684503747,
      "F6_contract_ground": 1.8027794760922835,
      "m2_infinite_T": 3.0600720000000017,
      "m2_relative_change": 2.352941176567275e-05,
      "selection_score": 0.7964628373050859
    },
    {
      "kappa4": -0.002,
      "mu4": 0.0,
      "elapsed_s": 8.532182455062866,
      "E0": -0.18258057498495395,
      "E89": -0.02163977282616248,
      "defect_gap": 0.6845686806142733,
      "ground_multiplicity": 1,
      "ice_overlap_ground": 0.8891416124691884,
      "mixing": [
        0.4237517431265846,
        0.8815093159123755,
        0.9136176957056596
      ],
      "mixing_mean": 0.7396262515815399,
      "T_peak_low_band": 0.01697072633052742,
      "W4_ground": 12.539374764954749,
      "W6_contract_ground": 1.745671508299475,
      "W6_wrap_ground": 5.237014524898425,
      "F4_ground": 12.959632483206155,
      "F6_contract_ground": 1.782775822048582,
      "m2_infinite_T": 3.0600179999999995,
      "m2_relative_change": 5.882352941418188e-06,
      "selection_score": 0.7396266841074915
    },
    {
      "kappa4": 0.0,
      "mu4": 0.0,
      "elapsed_s": 8.043718576431274,
      "E0": -0.1575284287470666,
      "E89": -0.03098229519191271,
      "defect_gap": 0.7034007670701155,
      "ground_multiplicity": 1,
      "ice_overlap_ground": 0.8878999637965865,
      "mixing": [
        0.27150677170027165,
        0.8197041693111435,
        0.9071051838797317
      ],
      "mixing_mean": 0.6661053749637157,
      "T_peak_low_band": 0.012947575837590944,
      "W4_ground": 12.50980658227844,
      "W6_contract_ground": 1.7123199355680738,
      "W6_wrap_ground": 5.136959806704223,
      "F4_ground": 13.00266050620394,
      "F6_contract_ground": 1.7518347473735625,
      "m2_infinite_T": 3.0599999999999987,
      "m2_relative_change": 0.0,
      "selection_score": 0.6661053749637157
    },
    {
      "kappa4": 0.002,
      "mu4": 0.0,
      "elapsed_s": 6.924656629562378,
      "E0": -0.13256191125917133,
      "E89": -0.04026151301774719,
      "defect_gap": 0.7221059495854472,
      "ground_multiplicity": 1,
      "ice_overlap_ground": 0.8865564016632934,
      "mixing": [
        0.14208411406259303,
        0.637851498508223,
        0.881351589482634
      ],
      "mixing_mean": 0.5537624006844833,
      "T_peak_low_band": 0.008930107832742486,
      "W4_ground": 12.447793858417757,
      "W6_contract_ground": 1.6544227246140526,
      "W6_wrap_ground": 4.963268173842157,
      "F4_ground": 13.080868564026906,
      "F6_contract_ground": 1.6974846947241702,
      "m2_infinite_T": 3.0600179999999995,
      "m2_relative_change": 5.882352941418188e-06,
      "selection_score": 0.553762833210435
    },
    {
      "kappa4": 0.004,
      "mu4": 0.0,
      "elapsed_s": 5.757599115371704,
      "E0": -0.10781410415445584,
      "E89": -0.04934427608816796,
      "defect_gap": 0.7405422324618612,
      "ground_multiplicity": 1,
      "ice_overlap_ground": 0.8851778704335117,
      "mixing": [
        0.05372215239390131,
        0.3157321850713807,
        0.714843580004908
      ],
      "mixing_mean": 0.36143263915672996,
      "T_peak_low_band": 0.004951542168120167,
      "W4_ground": 12.258791914458834,
      "W6_contract_ground": 1.5280662711140682,
      "W6_wrap_ground": 4.584198813342205,
      "F4_ground": 13.258106829171355,
      "F6_contract_ground": 1.5777297668467836,
      "m2_infinite_T": 3.0600720000000017,
      "m2_relative_change": 2.352941176567275e-05,
      "selection_score": 0.36143955957195545
    },
    {
      "kappa4": 0.006,
      "mu4": 0.0,
      "elapsed_s": 8.157288551330566,
      "E0": -0.0859161774327933,
      "E89": -0.057414123268110004,
      "defect_gap": 0.7578827398203397,
      "ground_multiplicity": 4,
      "ice_overlap_ground": 0.9043535218334843,
      "mixing": [
        0.01056101090815107,
        0.07491858635537388,
        0.2619151667827306
      ],
      "mixing_mean": 0.11579825468208517,
      "T_peak_low_band": 0.002851030261429219,
      "W4_ground": 3.9195131140980166,
      "W6_contract_ground": -1.1676752818076306,
      "W6_wrap_ground": -3.503025845422962,
      "F4_ground": 12.120057385806199,
      "F6_contract_ground": 2.3625097153057886,
      "m2_infinite_T": 3.0601619999999983,
      "m2_relative_change": 5.294117647044165e-05,
      "selection_score": 0.1158332892841611
    },
    {
      "kappa4": 0.008,
      "mu4": 0.0,
      "elapsed_s": 9.016616344451904,
      "E0": -0.08203358571454808,
      "E89": -0.05294983761539472,
      "defect_gap": 0.7625938893907125,
      "ground_multiplicity": 4,
      "ice_overlap_ground": 0.9240037434049299,
      "mixing": [
        0.006750620223129786,
        0.03621413795994572,
        0.13231933369220186
      ],
      "mixing_mean": 0.05842803062509246,
      "T_peak_low_band": 0.0020711225803890596,
      "W4_ground": -0.7279691922394705,
      "W6_contract_ground": -1.1298899956321682,
      "W6_wrap_ground": -3.3896699868965205,
      "F4_ground": 12.26560226355064,
      "F6_contract_ground": 2.301736050531359,
      "m2_infinite_T": 3.060288,
      "m2_relative_change": 9.411764705920795e-05,
      "selection_score": 0.05853875726869198
    },
    {
      "kappa4": 0.01,
      "mu4": 0.0,
      "elapsed_s": 9.856451272964478,
      "E0": -0.08602029896808817,
      "E89": -0.030242386379498484,
      "defect_gap": 0.7468221643922247,
      "ground_multiplicity": 4,
      "ice_overlap_ground": 0.9373287128581831,
      "mixing": [
        0.03217927127743197,
        0.12686523669074717,
        0.3017015052965433
      ],
      "mixing_mean": 0.15358200442157416,
      "T_peak_low_band": 0.0022280649367558128,
      "W4_ground": -2.606933980911662,
      "W6_contract_ground": -0.7644686108899437,
      "W6_wrap_ground": -2.293405832669852,
      "F4_ground": 13.375239235571524,
      "F6_contract_ground": 1.5973018388788056,
      "m2_infinite_T": 3.0604499999999994,
      "m2_relative_change": 0.0001470588235296496,
      "selection_score": 0.1538523331412982
    },
    {
      "kappa4": 0.012,
      "mu4": 0.0,