{
  "method": "full microscopic ED with symmetry-complete winding counterterms",
  "cluster": {
    "n_sites": 16,
    "sz0_dim": 12870,
    "ice_dim": 90,
    "wrapping_four_loops": 36,
    "contractible_hexagons": 16,
    "wrapping_hexagons": 48,
    "flux_sectors": 25
  },
  "jpm": -0.05,
  "betas": [
    20.0,
    50.0,
    100.0
  ],
  "n_low": 180,
  "bare_m2_infinite_T": 3.0599999999999987,
  "blind_perturbative_kappa4": 0.010000000000000002,
  "ghex": 0.0015000000000000005,
  "best": {
    "kappa4": 0.0075,
    "mu4": 0.0,
    "elapsed_s": 17.956446170806885,
    "E0": -0.08200053783341779,
    "E89": -0.05693855138178856,
    "defect_gap": 0.7642984346419452,
    "ground_multiplicity": 4,
    "ice_overlap_ground": 0.9166097505386388,
    "mixing": [
      0.004539634519884523,
      0.029535446491487365,
      0.1211775864973353
    ],
    "mixing_mean": 0.05175088916956907,
    "T_peak_low_band": 0.0021558952782422306,
    "W4_ground": 0.6634907395678347,
    "W6_contract_ground": -1.242852113465523,
    "W6_wrap_ground": -3.728556340396652,
    "F4_ground": 11.91740055462275,
    "F6_contract_ground": 2.5171302259363726,
    "m2_infinite_T": 3.060253124999999,
    "m2_relative_change": 8.27205882354279e-05,
    "selection_score": 0.05183642286604426
  },
  "records": [
    {
      "kappa4": 0.006,
      "mu4": 0.0,
      "elapsed_s": 10.128748416900635,
      "E0": -0.08591617743279131,
      "E89": -0.05741412326811021,
      "defect_gap": 0.757882739820346,
      "ground_multiplicity": 4,
      "ice_overlap_ground": 0.9043535218334467,
      "mixing": [
        0.01056101090814976,
        0.07491858635536053,
        0.26191516678265375
      ],
      "mixing_mean": 0.11579825468205468,
      "T_peak_low_band": 0.002851030261428287,
      "W4_ground": 3.919513114097975,
      "W6_contract_ground": -1.1676752818076606,
      "W6_wrap_ground": -3.5030258454229597,
      "F4_ground": 12.120057385806142,
      "F6_contract_ground": 2.362509715305779,
      "m2_infinite_T": 3.0601619999999983,
      "m2_relative_change": 5.294117647044165e-05,
      "selection_score": 0.11583328928413061
    },
    {
      "kappa4": 0.006500000000000001,
      "mu4": 0.0,
      "elapsed_s": 8.20565152168274,
      "E0": -0.08410178928053946,
      "E89": -0.05868398976932458,
      "defect_gap": 0.7614559249484724,
      "ground_multiplicity": 4,
      "ice_overlap_ground": 0.9060208044082454,
      "mixing": [
        0.0062800453313857875,
        0.04736847510083277,
        0.1827463715286528
      ],
      "mixing_mean": 0.07879829732029046,
      "T_peak_low_band": 0.002509073461313648,
      "W4_ground": 3.2756289736924407,
      "W6_contract_ground": -1.2322371643715455,
      "W6_wrap_ground": -3.696711493114634,
      "F4_ground": 11.931081728949074,
      "F6_contract_ground": 2.4894235615681266,
      "m2_infinite_T": 3.0601901249999983,
      "m2_relative_change": 6.213235294104475e-05,
      "selection_score": 0.07884655268631535
    },
    {
      "kappa4": 0.007,
      "mu4": 0.0,
      "elapsed_s": 8.705043315887451,
      "E0": -0.08271810429916204,
      "E89": -0.05883936308675388,
      "defect_gap": 0.7639084622036268,
      "ground_multiplicity": 4,
      "ice_overlap_ground": 0.9099208313221256,
      "mixing": [
        0.0043267910597424184,
        0.03269569984730658,
        0.1361521129691508
      ],
      "mixing_mean": 0.05772486795873327,
      "T_peak_low_band": 0.002308781238440738,
      "W4_ground": 2.1726523645662654,
      "W6_contract_ground": -1.2751303805936614,
      "W6_wrap_ground": -3.8253911417809836,
      "F4_ground": 11.810215403000203,
      "F6_contract_ground": 2.5756227728421113,
      "m2_infinite_T": 3.0602205,
      "m2_relative_change": 7.20588235297605e-05,
      "selection_score": 0.05778977388433944
    },
    {
      "kappa4": 0.0075,
      "mu4": 0.0,
      "elapsed_s": 17.956446170806885,
      "E0": -0.08200053783341779,
      "E89": -0.05693855138178856,
      "defect_gap": 0.7642984346419452,
      "ground_multiplicity": 4,
      "ice_overlap_ground": 0.9166097505386388,
      "mixing": [
        0.004539634519884523,
        0.029535446491487365,
        0.1211775864973353
      ],
      "mixing_mean": 0.05175088916956907,
      "T_peak_low_band": 0.0021558952782422306,
      "W4_ground": 0.6634907395678347,
      "W6_contract_ground": -1.242852113465523,
      "W6_wrap_ground": -3.728556340396652,
      "F4_ground": 11.91740055462275,
      "F6_contract_ground": 2.5171302259363726,
      "m2_infinite_T": 3.060253124999999,
      "m2_relative_change": 8.27205882354279e-05,
      "selection_score": 0.05183642286604426
    },
    {
      "kappa4": 0.008,
      "mu4": 0.0,
      "elapsed_s": 10.174430131912231,
      "E0": -0.0820335857145448,
      "E89": -0.052949837615395325,
      "defect_gap": 0.762593889390712,
      "ground_multiplicity": 4,
      "ice_overlap_ground": 0.9240037434049472,
      "mixing": [
        0.006750620222965083,
        0.03621413795994572,
        0.1323193336921835
      ],
      "mixing_mean": 0.058428030625031435,
      "T_peak_low_band": 0.0020711225803881307,
      "W4_ground": -0.7279691922394346,
      "W6_contract_ground": -1.1298899956321573,
      "W6_wrap_ground": -3.3896699868964917,
      "F4_ground": 12.26560226355049,
      "F6_contract_ground": 2.3017360505313493,
      "m2_infinite_T": 3.060288,
      "m2_relative_change": 9.411764705920795e-05,
      "selection_score": 0.058538757268630955
    },
    {
      "kappa4": 0.0085,
      "mu4": 0.0,
      "elapsed_s": 7.995193004608154,
      "E0": -0.0826448307587437,
      "E89": -0.047807998045197295,
      "defect_gap": 0.7597293554426211,
      "ground_multiplicity": 4,
      "ice_overlap_ground": 0.9296566476187129,
      "mixing": [
        0.010789022181313548,
        0.050952513951286624,
        0.16229535737520773
      ],
      "mixing_mean": 0.07467896450260263,
      "T_peak_low_band": 0.002058167315059762,
      "W4_ground": -1.6357580313547921,
      "W6_contract_ground": -1.001089071521534,
      "W6_wrap_ground": -3.003267214564601,
      "F4_ground": 12.658072077979735,
      "F6_contract_ground": 2.0542182050504456,
      "m2_infinite_T": 3.0603251249999985,
      "m2_relative_change": 0.00010624999999993963,
      "selection_score": 0.07482007778385247
    },
    {
      "kappa4": 0.009000000000000001,
      "mu4": 0.0,
      "elapsed_s": 9.289888620376587,
      "E0": -0.08360326678001229,
      "E89": -0.042154798360008156,
      "defect_gap": 0.7563463390186733,
      "ground_multiplicity": 4,
      "ice_overlap_ground": 0.9333449228202888,
      "mixing": [
        0.016484345680117578,
        0.07201237206841257,
        0.2041347495359266
      ],
      "mixing_mean": 0.09754382242815225,
      "T_peak_low_band": 0.0020914249991509795,
      "W4_ground": -2.147994833377319,
      "W6_contract_ground": -0.8968374943896235,
      "W6_wrap_ground": -2.690512483168882,
      "F4_ground": 12.974390919599806,
      "F6_contract_ground": 1.8532047556110522,
      "m2_infinite_T": 3.0603644999999986,
      "m2_relative_change": 0.00011911764705878397,
      "selection_score": 0.09772118510116251
    },
    {
      "kappa4": 0.0095,
      "mu4": 0.0,
      "elapsed_s": 8.832207441329956,
      "E0": -0.08475596556766174,
      "E89": -0.03626154298742711,
      "defect_gap": 0.7524018206792649,
      "ground_multiplicity": 4,
      "ice_overlap_ground": 0.9357248749124316,
      "mixing": [
        0.023668797653127904,
        0.09778982950038864,
        0.25206824889293483
      ],
      "mixing_mean": 0.12450895868215046,
      "T_peak_low_band": 0.002148019971094582,
      "W4_ground": -2.436390739064101,
      "W6_contract_ground": -0.8202814577130135,
      "W6_wrap_ground": -2.460844373138999,
      "F4_ground": 13.206271007264714,
      "F6_contract_ground": 1.705294895719097,
      "m2_infinite_T": 3.060406125,
      "m2_relative_change": 0.00013272058823574098,