{
  "method": "dense translation-block ED, cubic-16, fixed Sz=0, dipole2 M=2, lowest 90 states",
  "n_sites": 16,
  "sz0_dim": 12870,
  "ice_dim": 90,
  "n_twists": 8,
  "rows": [
    {
      "Jpm": -0.03,
      "eta_min": 0.9484812894225723,
      "eta_mean_min": 0.9749503619316747,
      "ice_gap_min": null,
      "g4": 0.0036,
      "ghex": 0.00032399999999999996,
      "Tpeak_bare": 0.0055413697316420716,
      "Tpeak_clean": 0.0002995875823498157,
      "Tpeak_clean_over_ghex": 0.9246530319438757,
      "status": "controlled ice band",
      "elapsed_s": 256.2008912563324,
      "diagnostics": [
        {
          "theta_over_pi": [
            0.0,
            0.0,
            0.0
          ],
          "E0": -0.06310556300185449,
          "Etop_ice": -0.011076396021646586,
          "ice_overlap_min": 0.9484812894225723,
          "ice_overlap_mean": 0.9749503619316751,
          "ice_overlap_max": 0.9889892557558481,
          "sector_counts": {
            "++": 36,
            "+-": 18,
            "-+": 18,
            "--": 18
          }
        },
        {
          "theta_over_pi": [
            0.0,
            0.0,
            1.0
          ],
          "E0": -0.06310556300186382,
          "Etop_ice": -0.011076396021647547,
          "ice_overlap_min": 0.9484812894225746,
          "ice_overlap_mean": 0.9749503619316752,
          "ice_overlap_max": 0.9889892557558482,
          "sector_counts": {
            "++": 36,
            "+-": 18,
            "-+": 18,
            "--": 18
          }
        },
        {
          "theta_over_pi": [
            0.0,
            1.0,
            0.0
          ],
          "E0": -0.06310556300185523,
          "Etop_ice": -0.011076396021670808,
          "ice_overlap_min": 0.9484812894225748,
          "ice_overlap_mean": 0.9749503619316751,
          "ice_overlap_max": 0.9889892557558448,
          "sector_counts": {
            "++": 36,
            "+-": 18,
            "-+": 18,
            "--": 18
          }
        },
        {
          "theta_over_pi": [
            0.0,
            1.0,
            1.0
          ],
          "E0": -0.06310556300185988,
          "Etop_ice": -0.01107639602165381,
          "ice_overlap_min": 0.9484812894225749,
          "ice_overlap_mean": 0.9749503619316752,
          "ice_overlap_max": 0.9889892557558474,
          "sector_counts": {
            "++": 36,
            "+-": 18,
            "-+": 18,
            "--": 18
          }
        },
        {
          "theta_over_pi": [
            1.0,
            0.0,
            0.0
          ],
          "E0": -0.06310556300184748,
          "Etop_ice": -0.011076396021654035,
          "ice_overlap_min": 0.9484812894225739,
          "ice_overlap_mean": 0.9749503619316752,
          "ice_overlap_max": 0.9889892557558468,
          "sector_counts": {
            "++": 36,
            "+-": 18,
            "-+": 18,
            "--": 18
          }
        },
        {
          "theta_over_pi": [
            1.0,
            0.0,
            1.0
          ],
          "E0": -0.06310556300185274,
          "Etop_ice": -0.011076396021668617,
          "ice_overlap_min": 0.9484812894225737,
          "ice_overlap_mean": 0.9749503619316747,
          "ice_overlap_max": 0.9889892557558454,
          "sector_counts": {
            "++": 36,
            "+-": 18,
            "-+": 18,
            "--": 18
          }
        },
        {
          "theta_over_pi": [
            1.0,
            1.0,
            0.0
          ],
          "E0": -0.06310556300186393,
          "Etop_ice": -0.011076396021643967,
          "ice_overlap_min": 0.948481289422574,
          "ice_overlap_mean": 0.9749503619316752,
          "ice_overlap_max": 0.9889892557558481,
          "sector_counts": {
            "++": 36,
            "+-": 18,
            "-+": 18,
            "--": 18
          }
        },
        {
          "theta_over_pi": [
            1.0,
            1.0,
            1.0
          ],
          "E0": -0.06310556300185424,
          "Etop_ice": -0.011076396021646579,
          "ice_overlap_min": 0.9484812894225724,
          "ice_overlap_mean": 0.9749503619316752,
          "ice_overlap_max": 0.9889892557558475,
          "sector_counts": {
            "++": 36,
            "+-": 18,
            "-+": 18,
            "--": 18
          }
        }
      ]
    },
    {
      "Jpm": -0.05,
      "eta_min": 0.8872896692031148,
      "eta_mean_min": 0.9371851067785982,
      "ice_gap_min": null,
      "g4": 0.010000000000000002,
      "ghex": 0.0015000000000000005,
      "Tpeak_bare": 0.012947689844400203,
      "Tpeak_clean": 0.0012227200969419502,
      "Tpeak_clean_over_ghex": 0.8151467312946332,
      "status": "controlled ice band",
      "elapsed_s": 267.74970507621765,
      "diagnostics": [
        {
          "theta_over_pi": [
            0.0,
            0.0,
            0.0
          ],
          "E0": -0.15752842874706235,
          "Etop_ice": -0.030982295191919133,
          "ice_overlap_min": 0.8872896692031158,
          "ice_overlap_mean": 0.9371851067785982,
          "ice_overlap_max": 0.9696904604152563,
          "sector_counts": {
            "++": 36,
            "+-": 18,
            "-+": 18,
            "--": 18
          }
        },
        {
          "theta_over_pi": [
            0.0,
            0.0,
            1.0
          ],
          "E0": -0.1575284287470694,
          "Etop_ice": -0.0309822951919033,
          "ice_overlap_min": 0.8872896692031165,
          "ice_overlap_mean": 0.9371851067785985,
          "ice_overlap_max": 0.9696904604152559,
          "sector_counts": {
            "++": 36,
            "+-": 18,
            "-+": 18,
            "--": 18
          }
        },
        {
          "theta_over_pi": [
            0.0,
            1.0,
            0.0
          ],
          "E0": -0.1575284287470736,
          "Etop_ice": -0.030982295191917746,
          "ice_overlap_min": 0.8872896692031178,
          "ice_overlap_mean": 0.9371851067785987,
          "ice_overlap_max": 0.9696904604152554,
          "sector_counts": {
            "++": 36,
            "+-": 18,
            "-+": 18,
            "--": 18
          }
        },
        {
          "theta_over_pi": [
            0.0,
            1.0,
            1.0
          ],
          "E0": -0.15752842874706258,
          "Etop_ice": -0.030982295191922245,
          "ice_overlap_min": 0.8872896692031156,
          "ice_overlap_mean": 0.9371851067785986,
          "ice_overlap_max": 0.9696904604152564,
          "sector_counts": {
            "++": 36,
            "+-": 18,
            "-+": 18,
            "--": 18
          }
        },
        {
          "theta_over_pi": [
            1.0,
            0.0,
            0.0
          ],
          "E0": -0.15752842874706088,
          "Etop_ice": -0.030982295191914828,
          "ice_overlap_min": 0.8872896692031158,
          "ice_overlap_mean": 0.9371851067785985,
          "ice_overlap_max": 0.9696904604152562,
          "sector_counts": {
            "++": 36,
            "+-": 18,
            "-+": 18,
            "--": 18
          }
        },
        {
          "theta_over_pi": [
            1.0,
            0.0,
            1.0
          ],
          "E0": -0.1575284287470654,
          "Etop_ice": -0.03098229519192163,
          "ice_overlap_min": 0.8872896692031155,
          "ice_overlap_mean": 0.9371851067785986,
          "ice_overlap_max": 0.9696904604152558,
          "sector_counts": {
            "++": 36,
            "+-": 18,
            "-+": 18,
            "--": 18
          }
        },
        {
          "theta_over_pi": [
            1.0,
            1.0,
            0.0
          ],
          "E0": -0.1575284287470703,
          "Etop_ice": -0.030982295191905804,
          "ice_overlap_min": 0.8872896692031169,
          "ice_overlap_mean": 0.9371851067785985,
          "ice_overlap_max": 0.9696904604152559,