{
  "method": "QED full microscopic Hamiltonian, fixed Sz",
  "jpm": -0.05,
  "n_sites": 16,
  "sz_dim": 12870,
  "ice_dim": 90,
  "n_band": 90,
  "grid": "one",
  "n_grid": 2,
  "n_twists": 1,
  "solver": "block_lanczos",
  "tolerance": 1e-10,
  "max_iterations": 800,
  "diagnostics": [
    {
      "full_vector_gram_min": 0.21782413701054926,
      "full_vector_gram_max": 1.876187088881197,
      "ice_overlap_min": 0.04743399796654556,
      "ice_overlap_mean": 0.9037266236236212,
      "ice_overlap_max": 0.9698340784403094,
      "phi": [
        0.0,
        0.0,
        0.0
      ],
      "elapsed_s": 142.58464193344116,
      "E0": -4.295535025974616,
      "Etop": -3.8051973281682803
    }
  ],
  "Tpk_qed_phi0": 0.047751911112069556,
  "Tpk_qed_twist_operator_avg": 0.047751911112069556,
  "Tpk_pt_all": 0.010056391896344644,
  "Tpk_pt_delta0": 0.0016044725170795068,
  "g4": 0.010000000000000002,
  "ghex": 0.0015000000000000005,
  "fro_qed_avg_vs_pt_all_centered": 3.4534936543717683,
  "fro_qed_avg_vs_pt_delta0_centered": 41.503005765830046,
  "fro_qed_phi0_vs_pt_all_centered": 3.4534936543717683,
  "fro_qed_phi0_vs_pt_delta0_centered": 41.503005765830046
}