{
  "method": "QED full microscopic Hamiltonian, fixed Sz",
  "jpm": -0.02,
  "n_sites": 16,
  "sz_dim": 12870,
  "ice_dim": 90,
  "n_band": 90,
  "grid": "one",
  "n_grid": 2,
  "n_twists": 1,
  "solver": "block_lanczos",
  "tolerance": 1e-10,
  "max_iterations": 800,
  "diagnostics": [
    {
      "full_vector_gram_min": 0.1553130610353621,
      "full_vector_gram_max": 1.9642575499404857,
      "ice_overlap_min": 1.9872923235527722e-06,
      "ice_overlap_mean": 0.930289342609312,
      "ice_overlap_max": 0.9951381325748461,
      "phi": [
        0.0,
        0.0,
        0.0
      ],
      "elapsed_s": 75.90532541275024,
      "E0": -4.288961638724114,
      "Etop": -3.808308187594297
    }
  ],
  "Tpk_qed_phi0": 0.027424862037265404,
  "Tpk_qed_twist_operator_avg": 0.027424862037265404,
  "Tpk_pt_all": 0.0026335155864361747,
  "Tpk_pt_delta0": 0.00010268580560947268,
  "g4": 0.0016,
  "ghex": 9.600000000000002e-05,
  "fro_qed_avg_vs_pt_all_centered": 22.206398185435177,
  "fro_qed_avg_vs_pt_delta0_centered": 801.8238100250877,
  "fro_qed_phi0_vs_pt_all_centered": 22.206398185435177,
  "fro_qed_phi0_vs_pt_delta0_centered": 801.8238100250877
}