{
  "Jpm": 0.05,
  "Jzz": 1.0,
  "g_hex": 0.0015000000000000005,
  "g_4cycle_estimate": 0.010000000000000002,
  "n_corners": 8,
  "broadening_eta": 0.012,
  "lanczos_steps": 400,
  "bare_X_peak_omega": 0.926814011676397,
  "twist_avg_X_peak_omega": 0.926814011676397,
  "bare_X_peak_height": 9.956047219263633,
  "twist_avg_X_peak_height": 3.6831217808898136,
  "bare_L_peak_omega": 0.09753961634695578,
  "twist_avg_L_peak_omega": 0.061926605504587146,
  "bare_L_peak_height": 50.09524058297416,
  "twist_avg_L_peak_height": 24.2589190744865,
  "bare_X_static_avg": 0.4054439236926415,
  "twist_avg_X_static_avg": 0.29025178017696657,
  "bare_L_static": 2.1520414713852736,
  "twist_avg_L_static": 2.1088444175971937,
  "per_corner_X_static_avg": {
    "(0.0, 0.0, 0.0)": 0.4054439236926415,
    "(0.0, 0.0, 3.141592653589793)": 0.3087281734491408,
    "(0.0, 3.141592653589793, 0.0)": 0.30872817344604714,
    "(0.0, 3.141592653589793, 3.141592653589793)": 0.2475964493464248,
    "(3.141592653589793, 0.0, 0.0)": 0.308728173447576,
    "(3.141592653589793, 0.0, 3.141592653589793)": 0.24759644934584205,
    "(3.141592653589793, 3.141592653589793, 0.0)": 0.2475964493443078,
    "(3.141592653589793, 3.141592653589793, 3.141592653589793)": 0.24759644934375272
  },
  "per_corner_L_static": {
    "(0.0, 0.0, 0.0)": 2.1520414713852736,
    "(0.0, 0.0, 3.141592653589793)": 2.1157730652228075,
    "(0.0, 3.141592653589793, 0.0)": 2.1157730650652016,
    "(0.0, 3.141592653589793, 3.141592653589793)": 2.092848668390399,
    "(3.141592653589793, 0.0, 0.0)": 2.1157730650319633,
    "(3.141592653589793, 0.0, 3.141592653589793)": 2.092848668626746,
    "(3.141592653589793, 3.141592653589793, 0.0)": 2.0928486685309875,
    "(3.141592653589793, 3.141592653589793, 3.141592653589793)": 2.0928486685241685
  },
  "ratio_bare_X_peak_over_g_hex": 617.8760077842645,
  "ratio_twist_X_peak_over_g_hex": 617.8760077842645,
  "ratio_bare_L_peak_over_g_hex": 65.0264108979705,
  "ratio_twist_L_peak_over_g_hex": 41.28440366972475
}