{
  "Jpm": -0.1,
  "Jzz": 1.0,
  "g_hex": 0.012000000000000004,
  "g_4cycle_estimate": 0.04000000000000001,
  "n_corners": 8,
  "broadening_eta": 0.012,
  "lanczos_steps": 400,
  "bare_X_peak_omega": 1.3567139282735612,
  "twist_avg_X_peak_omega": 0.9904086738949123,
  "bare_X_peak_height": 7.012605125954912,
  "twist_avg_X_peak_height": 3.203095843611112,
  "bare_L_peak_omega": 0.12552126772310257,
  "twist_avg_L_peak_omega": 0.10517097581317765,
  "bare_L_peak_height": 49.341858847242214,
  "twist_avg_L_peak_height": 19.913228591616534,
  "bare_X_static_avg": 0.40136952601464654,
  "twist_avg_X_static_avg": 0.4021533318724253,
  "bare_L_static": 2.1505135723124655,
  "twist_avg_L_static": 2.1508074995433173,
  "per_corner_X_static_avg": {
    "(0.0, 0.0, 0.0)": 0.40136952601464654,
    "(0.0, 0.0, 3.141592653589793)": 0.40198393729071974,
    "(0.0, 3.141592653589793, 0.0)": 0.40198393727672493,
    "(0.0, 3.141592653589793, 3.141592653589793)": 0.4024763292810019,
    "(3.141592653589793, 0.0, 0.0)": 0.40198393727403436,
    "(3.141592653589793, 0.0, 3.141592653589793)": 0.4024763292800473,
    "(3.141592653589793, 3.141592653589793, 0.0)": 0.40247632928175725,
    "(3.141592653589793, 3.141592653589793, 3.141592653589793)": 0.40247632928047006
  },
  "per_corner_L_static": {
    "(0.0, 0.0, 0.0)": 2.1505135723124655,
    "(0.0, 0.0, 3.141592653589793)": 2.150743976375683,
    "(0.0, 3.141592653589793, 0.0)": 2.1507439764115226,
    "(0.0, 3.141592653589793, 3.141592653589793)": 2.1509286235964127,
    "(3.141592653589793, 0.0, 0.0)": 2.1507439764558463,
    "(3.141592653589793, 0.0, 3.141592653589793)": 2.150928623960244,
    "(3.141592653589793, 3.141592653589793, 0.0)": 2.1509286236451755,
    "(3.141592653589793, 3.141592653589793, 3.141592653589793)": 2.1509286235891905
  },
  "ratio_bare_X_peak_over_g_hex": 113.05949402279673,
  "ratio_twist_X_peak_over_g_hex": 82.53405615790933,
  "ratio_bare_L_peak_over_g_hex": 10.460105643591877,
  "ratio_twist_L_peak_over_g_hex": 8.764247984431469
}