{
  "Jpm": -0.1,
  "Jzz": 1.0,
  "n_corners": 8,
  "ground_state_E0_phi0": -4.502948847757181,
  "ground_state_E0_corner_mean": -4.4170583150048515,
  "ground_state_E0_corner_spread": 0.1406745744418192,
  "ground_state_E0_downward_bias": 0.08589053275232938,
  "ground_manifold_degeneracy_phi0": 7,
  "ground_manifold_degeneracy_per_corner": [
    7,
    7,
    10,
    8,
    10,
    7,
    5,
    8
  ],
  "ground_manifold_degeneracy_range": [
    5,
    10
  ],
  "gap_to_next_manifold_phi0": 0.10602564644617285,
  "gap_to_next_manifold_per_corner": [
    0.10602564644617285,
    0.06404486834895717,
    0.06404486834895451,
    0.003720846814291079,
    0.06404486834896606,
    0.003720846814291967,
    0.00372084681427598,
    0.003720846814291079
  ],
  "gap_to_next_manifold_corner_mean": 0.03913045484377509,
  "C_peak_T_bare": 0.2589737339615606,
  "C_peak_T_twist_avg": 0.2589737339615606,
  "C_peak_value_bare": 4.091927796181608,
  "C_peak_value_twist_avg": 4.0614947775248,
  "S_inf_T_bare": 10.873433970107701,
  "S_inf_T_twist_avg": 10.646344971575335,
  "two_log2_per_site_x16": 11.090354888959125,
  "N_ice_exact_2in2out_states": 90,
  "S_ice_exact_per_site": 0.28123810439564156,
  "S_pauling_per_site": 0.2027325540540822,
  "ice_plateau_T_bare": 0.10230441447330063,
  "ice_plateau_C_bare": 1.0762557134837867,
  "ice_plateau_S_per_site_bare": 0.25435925560030265,
  "ice_plateau_T_twist_avg": 0.09109073492834877,
  "ice_plateau_C_twist_avg": 0.5985803033897182,
  "ice_plateau_S_per_site_twist_avg": 0.24576456706946753
}