{
  "Jpm": 0.05,
  "Jzz": 1.0,
  "g_hex": 0.0015000000000000005,
  "g_4cycle_estimate": 0.010000000000000002,
  "n_corners": 8,
  "broadening_eta": 0.012,
  "lanczos_steps": 400,
  "bare_NSF_X_peak_omega": 0.09753961634695578,
  "twist_avg_NSF_X_peak_omega": 0.031401167639699745,
  "bare_NSF_X_peak_height": 59.37271504732212,
  "twist_avg_NSF_X_peak_height": 28.22822806714578,
  "bare_SF_X_peak_omega": 0.09753961634695578,
  "twist_avg_SF_X_peak_omega": 0.031401167639699745,
  "bare_SF_X_peak_height": 59.374080752512725,
  "twist_avg_SF_X_peak_height": 28.230222435344906,
  "bare_NSF_L_peak_omega": 0.09753961634695578,
  "twist_avg_NSF_L_peak_omega": 0.061926605504587146,
  "bare_NSF_L_peak_height": 44.53320070211638,
  "twist_avg_NSF_L_peak_height": 21.567241786124548,
  "bare_SF_L_peak_omega": 0.09753961634695578,
  "twist_avg_SF_L_peak_omega": 0.061926605504587146,
  "bare_SF_L_peak_height": 44.538986128511105,
  "twist_avg_SF_L_peak_height": 21.57161270913315
}