{
  "g_hex_HFB": 0.0015000000000000005,
  "g_hex_HFB_formula": "12 * |Jpm|^3 / Jzz^2",
  "g_4cycle_estimate": 0.010000000000000002,
  "g_4cycle_formula": "4 * |Jpm|^2 / Jzz",
  "Schottky_T_peak_from_g_hex": 0.0006252000000000002,
  "Schottky_T_peak_from_4cycle": 0.004168000000000001,
  "C_peak_T_bare_lowT": 0.032040013722080006,
  "C_peak_T_twist_avg_lowT": 0.17249842352748587,
  "ratio_Tpeak_bare_to_g_hex": 21.36000914805333,
  "ratio_Tpeak_avg_to_g_hex": 114.99894901832388
}