{
  "Jpm": -0.1,
  "Jzz": 1.0,
  "g_hex": 0.012000000000000004,
  "g_4cycle_estimate": 0.04000000000000001,
  "n_corners": 8,
  "broadening_eta": 0.012,
  "lanczos_steps": 300,
  "bare_NSF_X_peak_omega": 0.12552126772310257,
  "twist_avg_NSF_X_peak_omega": 0.08227689741451209,
  "bare_NSF_X_peak_height": 58.487450025428494,
  "twist_avg_NSF_X_peak_height": 22.183189421019314,
  "bare_SF_X_peak_omega": 0.12552126772310257,
  "twist_avg_SF_X_peak_omega": 0.08227689741451209,
  "bare_SF_X_peak_height": 58.493411932069456,
  "twist_avg_SF_X_peak_height": 22.188093455364317,
  "bare_NSF_L_peak_omega": 0.12552126772310257,
  "twist_avg_NSF_L_peak_omega": 0.10517097581317765,
  "bare_NSF_L_peak_height": 43.86537325006997,
  "twist_avg_NSF_L_peak_height": 17.473482747570177,
  "bare_SF_L_peak_omega": 0.12552126772310257,
  "twist_avg_SF_L_peak_omega": 0.08227689741451209,
  "bare_SF_L_peak_height": 43.86867898028938,
  "twist_avg_SF_L_peak_height": 18.399172961836406
}