{
  "source_npz": "twist_qsi_demo/notes/twist_resolved_qed_dipole4_M3_jm0p05.npz",
  "summary_selected": {
    "jpm": -0.05,
    "n_sites": 16,
    "sz_dim": 12870,
    "ice_dim": 90,
    "n_band": 90,
    "n_grid": 3,
    "n_twists": 27,
    "twist_kind": "dipole4",
    "solver": "full",
    "Tpk_qed_phi0": 0.012947554666587384,
    "Tpk_qed_twist_operator_avg": 0.0012221729578995395,
    "Tpk_pt_all": 0.010056391896344644,
    "Tpk_pt_delta0": 0.0016044725170795068,
    "g4": 0.010000000000000002,
    "ghex": 0.0015000000000000005
  },
  "min_ice_overlap": 0.887289669203117,
  "max_full_vector_gram_deviation": 1.4099832412739488e-14,
  "operator_metrics": {
    "qed_phi0_vs_pt_all": {
      "rel_fro_to_target": 0.07719457423111724,
      "best_scale": 1.0177285122384359,
      "rel_fro_after_best_scale": 0.07362213146050839,
      "rel_spectrum_raw": 0.06480499705757253,
      "rel_spectrum_after_best_scale": 0.06083518769466616
    },
    "qed_phi0_vs_pt_delta0": {
      "rel_fro_to_target": 11.913051865075744,
      "best_scale": 0.7030261257933579,
      "rel_fro_after_best_scale": 0.9982621847648181,
      "rel_spectrum_raw": 11.334543846215398,
      "rel_spectrum_after_best_scale": 0.9644149518587173
    },
    "qed_projected_avg_vs_pt_all": {
      "rel_fro_to_target": 0.9967726809593768,
      "best_scale": 0.0050718116596937075,
      "rel_fro_after_best_scale": 0.9965172541890651,
      "rel_spectrum_raw": 0.9582242889201785,
      "rel_spectrum_after_best_scale": 0.9432532599542666
    },
    "qed_projected_avg_vs_pt_delta0": {
      "rel_fro_to_target": 0.31389623673821754,
      "best_scale": 0.703526966079949,
      "rel_fro_after_best_scale": 0.14503183130883804,
      "rel_spectrum_raw": 0.3138923770937638,
      "rel_spectrum_after_best_scale": 0.14502020688141795
    }
  }
}